date,deployments,capital_returns,closing_invested_capital,fee_paying_capital,mgmt_fees,proceeds,lp_preferred_opening,lp_preferred_irr_growth,lp_preferred_payments,lp_preferred_closing,catch_up_opening,catch_up_accruals,catch_up_payments_gp_share,catch_up_payments_lp_share,catch_up_closing,post_catch_up_payments_gp_share,post_catch_up_payments_lp_share,fund_name
2021-03-31,0.0,0.0,0.0,500000000.0,212328.76712328766,0.0,0.0,0.0,0.0,0.0,0.0,0.0,0.0,0.0,0.0,0.0,0.0,Fund1
2021-04-30,0.0,0.0,0.0,500000000.0,205479.45205479453,0.0,0.0,0.0,0.0,0.0,0.0,0.0,0.0,0.0,0.0,0.0,0.0,Fund1
2021-05-31,0.0,0.0,0.0,500000000.0,212328.76712328766,0.0,0.0,0.0,0.0,0.0,0.0,0.0,0.0,0.0,0.0,0.0,0.0,Fund1
2021-06-30,41666666.666666664,0.0,41666666.666666664,500000000.0,205479.45205479453,0.0,0.0,0.0,0.0,41666666.666666664,0.0,0.0,0.0,0.0,0.0,0.0,0.0,Fund1
2021-07-31,0.0,0.0,41666666.666666664,500000000.0,212328.76712328766,0.0,41666666.666666664,332255.85120432347,0.0,41998922.517870985,0.0,110751.95040144117,0.0,0.0,110751.95040144117,0.0,0.0,Fund1
2021-08-31,0.0,0.0,41666666.666666664,500000000.0,212328.76712328766,0.0,41998922.517870985,334905.3060201517,0.0,42333827.82389113,110751.95040144117,111635.10200671725,0.0,0.0,222387.05240815843,0.0,0.0,Fund1
2021-09-30,41666666.666666664,0.0,83333333.33333333,500000000.0,205479.45205479453,0.0,42333827.82389113,337575.88796074135,0.0,84338070.37851854,222387.05240815843,112525.2959869138,0.0,0.0,334912.3483950722,0.0,0.0,Fund1
2021-10-31,0.0,0.0,83333333.33333333,500000000.0,212328.76712328766,0.0,84338070.37851854,672523.6167010757,0.0,85010593.99521962,334912.3483950722,224174.5389003586,0.0,0.0,559086.8872954308,0.0,0.0,Fund1
2021-11-30,0.0,0.0,83333333.33333333,500000000.0,205479.45205479453,0.0,85010593.99521962,677886.4144624043,0.0,85688480.40968202,559086.8872954308,225962.1381541348,0.0,0.0,785049.0254495656,0.0,0.0,Fund1
2021-12-31,41666666.666666664,0.0,125000000.0,500000000.0,212328.76712328766,0.0,85688480.40968202,683291.9759261736,0.0,128038439.05227485,785049.0254495656,227763.99197539123,0.0,0.0,1012813.0174249569,0.0,0.0,Fund1
2022-01-31,0.0,0.0,125000000.0,500000000.0,212328.76712328766,0.0,128038439.05227485,1020996.4933004755,0.0,129059435.54557534,1012813.0174249569,340332.1644334919,0.0,0.0,1353145.1818584488,0.0,0.0,Fund1
2022-02-28,0.0,0.0,125000000.0,500000000.0,191780.8219178082,0.0,129059435.54557534,1029138.0627154718,0.0,130088573.6082908,1353145.1818584488,343046.0209051573,0.0,0.0,1696191.202763606,0.0,0.0,Fund1
2022-03-31,41666666.666666664,0.0,166666666.66666666,500000000.0,212328.76712328766,0.0,130088573.6082908,1037344.554148295,0.0,172792584.82910576,1696191.202763606,345781.5180494317,0.0,0.0,2041972.7208130378,0.0,0.0,Fund1
2022-04-30,0.0,0.0,166666666.66666666,500000000.0,205479.45205479453,0.0,172792584.82910576,1377872.3365005555,0.0,174170457.16560632,2041972.7208130378,459290.77883351856,0.0,0.0,2501263.4996465566,0.0,0.0,Fund1
2022-05-31,0.0,0.0,166666666.66666666,500000000.0,212328.76712328766,0.0,174170457.16560632,1388859.6840049126,0.0,175559316.84961122,2501263.4996465566,462953.2280016376,0.0,0.0,2964216.727648194,0.0,0.0,Fund1
2022-06-30,41666666.666666664,0.0,208333333.3333333,500000000.0,205479.45205479453,0.0,175559316.84961122,1399934.6461612107,0.0,218625918.16243908,2964216.727648194,466644.88205373695,0.0,0.0,3430861.609701931,0.0,0.0,Fund1
2022-07-31,0.0,0.0,208333333.3333333,500000000.0,212328.76712328766,0.0,218625918.16243908,1743353.7728253112,0.0,220369271.93526438,3430861.609701931,581117.9242751038,0.0,0.0,4011979.533977035,0.0,0.0,Fund1
2022-08-31,0.0,0.0,208333333.3333333,500000000.0,212328.76712328766,0.0,220369271.93526438,1757255.5206270793,0.0,222126527.45589146,4011979.533977035,585751.8402090265,0.0,0.0,4597731.374186061,0.0,0.0,Fund1
2022-09-30,41666666.666666664,0.0,249999999.99999997,500000000.0,205479.45205479453,0.0,222126527.45589146,1771268.122918026,0.0,265564462.24547616,4597731.374186061,590422.707639342,0.0,0.0,5188154.0818254035,0.0,0.0,Fund1
2022-10-31,0.0,0.0,249999999.99999997,500000000.0,212328.76712328766,0.0,265564462.24547616,2117648.3148717387,0.0,267682110.56034788,5188154.0818254035,705882.771623913,0.0,0.0,5894036.853449317,0.0,0.0,Fund1
2022-11-30,0.0,0.0,249999999.99999997,500000000.0,205479.45205479453,0.0,267682110.56034788,2134534.739913557,0.0,269816645.30026144,5894036.853449317,711511.5799711858,0.0,0.0,6605548.433420503,0.0,0.0,Fund1
2022-12-31,41666666.666666664,0.0,291666666.6666666,500000000.0,212328.76712328766,0.0,269816645.30026144,2151555.8196800016,0.0,313634867.7866081,6605548.433420503,717185.2732266673,0.0,0.0,7322733.70664717,0.0,0.0,Fund1
2023-01-31,0.0,0.0,291666666.6666666,500000000.0,212328.76712328766,0.0,313634867.7866081,2500968.4791310783,0.0,316135836.2657392,7322733.70664717,833656.1597103595,0.0,0.0,8156389.86635753,0.0,0.0,Fund1
2023-02-28,0.0,0.0,291666666.6666666,500000000.0,191780.8219178082,0.0,316135836.2657392,2520911.552991932,0.0,318656747.8187311,8156389.86635753,840303.8509973107,0.0,0.0,8996693.71735484,0.0,0.0,Fund1
2023-03-31,41666666.666666664,0.0,333333333.3333333,500000000.0,212328.76712328766,0.0,318656747.8187311,2541013.6557243355,0.0,362864428.14112216,8996693.71735484,847004.5519081119,0.0,0.0,9843698.26926295,0.0,0.0,Fund1
2023-04-30,0.0,0.0,333333333.3333333,500000000.0,205479.45205479453,0.0,362864428.14112216,2893531.906651167,0.0,365757960.0477733,9843698.26926295,964510.6355503892,0.0,0.0,10808208.90481334,0.0,0.0,Fund1
2023-05-31,0.0,0.0,333333333.3333333,500000000.0,212328.76712328766,0.0,365757960.0477733,2916605.336410317,0.0,368674565.38418365,10808208.90481334,972201.7788034391,0.0,0.0,11780410.68361678,0.0,0.0,Fund1
2023-06-30,41666666.666666664,0.0,375000000.0,500000000.0,205479.45205479453,0.0,368674565.38418365,2939862.756938543,0.0,413281094.80778885,11780410.68361678,979954.2523128479,0.0,0.0,12760364.935929628,0.0,0.0,Fund1
2023-07-31,0.0,0.0,375000000.0,500000000.0,212328.76712328766,0.0,413281094.80778885,3295561.4866083986,0.0,416576656.29439723,12760364.935929628,1098520.495536133,0.0,0.0,13858885.431465762,0.0,0.0,Fund1
2023-08-31,0.0,0.0,375000000.0,500000000.0,212328.76712328766,0.0,416576656.29439723,3321840.7566947006,0.0,419898497.0510919,13858885.431465762,1107280.252231567,0.0,0.0,14966165.683697328,0.0,0.0,Fund1
2023-09-30,41666666.666666664,0.0,416666666.6666667,500000000.0,205479.45205479453,0.0,419898497.0510919,3348329.58137104,0.0,464913493.29912966,14966165.683697328,1116109.8604570136,0.0,0.0,16082275.544154342,0.0,0.0,Fund1
2023-10-31,0.0,0.0,416666666.6666667,500000000.0,212328.76712328766,0.0,464913493.29912966,3707285.482859469,0.0,468620778.78198916,16082275.544154342,1235761.8276198232,0.0,0.0,17318037.371774167,0.0,0.0,Fund1
2023-11-30,0.0,0.0,416666666.6666667,500000000.0,205479.45205479453,0.0,468620778.78198916,3736847.897909827,0.0,472357626.679899,17318037.371774167,1245615.9659699425,0.0,0.0,18563653.33774411,0.0,0.0,Fund1
2023-12-31,41666666.666666664,0.0,458333333.3333334,500000000.0,212328.76712328766,0.0,472357626.679899,3766646.047809214,0.0,517790939.3943749,18563653.33774411,1255548.6826030714,0.0,0.0,19819202.02034718,0.0,0.0,Fund1
2024-01-31,0.0,0.0,458333333.3333334,500000000.0,211748.6338797814,0.0,517790939.3943749,4128937.663544744,0.0,521919877.0579196,19819202.02034718,1376312.5545149148,0.0,0.0,21195514.574862096,0.0,0.0,Fund1
2024-02-29,0.0,0.0,458333333.3333334,500000000.0,198087.43169398909,0.0,521919877.0579196,4161862.392296039,0.0,526081739.45021564,21195514.574862096,1387287.4640986798,0.0,0.0,22582802.038960777,0.0,0.0,Fund1
2024-03-31,41666666.666666664,0.0,500000000.00000006,500000000.0,211748.6338797814,0.0,526081739.45021564,4195049.667457981,0.0,571943455.7843403,22582802.038960777,1398349.8891526605,0.0,0.0,23981151.92811344,0.0,0.0,Fund1
2024-04-30,0.0,0.0,500000000.00000006,500000000.00000006,204918.03278688528,0.0,571943455.7843403,4560757.43381684,0.0,576504213.218157,23981151.92811344,1520252.4779389468,0.0,0.0,25501404.406052385,0.0,0.0,Fund1
2024-05-31,0.0,0.0,500000000.00000006,500000000.00000006,211748.63387978147,0.0,576504213.218157,4597125.554056262,0.0,581101338.7722133,25501404.406052385,1532375.1846854207,0.0,0.0,27033779.590737805,0.0,0.0,Fund1
2024-06-30,0.0,41666666.666666664,458333333.3333334,458333333.3333334,187841.53005464486,63369791.66666687,581101338.7722133,4633783.678793609,63369791.66666687,522365330.78434,27033779.590737805,1544594.5595978699,0.0,0.0,28578374.150335673,0.0,0.0,Fund1
2024-07-31,0.0,0.0,458333333.3333334,458333333.3333334,194102.91438979964,0.0,522365330.78434,4165414.5028650938,0.0,526530745.2872051,28578374.150335673,1388471.5009550315,0.0,0.0,29966845.651290704,0.0,0.0,Fund1
2024-08-31,0.0,0.0,458333333.3333334,458333333.3333334,194102.91438979964,0.0,526530745.2872051,4198630.103055532,0.0,530729375.39026064,29966845.651290704,1399543.3676851776,0.0,0.0,31366389.01897588,0.0,0.0,Fund1
2024-09-30,0.0,41666666.666666664,416666666.6666667,416666666.6666667,170765.02732240438,63369791.66666687,530729375.39026064,4232110.56910632,63369791.66666687,471591694.2927001,31366389.01897588,1410703.5230354401,0.0,0.0,32777092.54201132,0.0,0.0,Fund1
2024-10-31,0.0,0.0,416666666.6666667,416666666.6666667,176457.19489981787,0.0,471591694.2927001,3760538.3953946447,0.0,475352232.68809474,32777092.54201132,1253512.7984648817,0.0,0.0,34030605.3404762,0.0,0.0,Fund1
2024-11-30,0.0,0.0,416666666.6666667,416666666.6666667,170765.02732240438,0.0,475352232.68809474,3790525.456647806,0.0,479142758.14474255,34030605.3404762,1263508.4855492688,0.0,0.0,35294113.82602547,0.0,0.0,Fund1
2024-12-31,0.0,41666666.666666664,375000000.0,375000000.0,158811.47540983607,63369791.66666687,479142758.14474255,3820751.63893845,63369791.66666687,419593718.1170141,35294113.82602547,1273583.8796461502,0.0,0.0,36567697.70567162,0.0,0.0,Fund1
2025-01-31,0.0,0.0,375000000.0,375000000.0,159246.57534246575,0.0,419593718.1170141,3345899.2313509323,0.0,422939617.34836507,36567697.70567162,1115299.7437836442,0.0,0.0,37682997.44945527,0.0,0.0,Fund1
2025-02-28,0.0,0.0,375000000.0,375000000.0,143835.61643835617,0.0,422939617.34836507,3372579.9016826856,0.0,426312197.25004774,37682997.44945527,1124193.3005608954,0.0,0.0,38807190.75001617,0.0,0.0,Fund1
2025-03-31,0.0,41666666.666666664,333333333.3333333,333333333.3333333,141552.5114155251,63369791.66666687,426312197.25004774,3399473.327426402,63369791.66666687,366341878.91080725,38807190.75001617,1133157.7758088007,0.0,0.0,39940348.52582497,0.0,0.0,Fund1
2025-04-30,0.0,0.0,333333333.3333333,333333333.3333333,136986.30136986298,0.0,366341878.91080725,2921261.5874232356,0.0,369263140.4982305,39940348.52582497,973753.862474412,0.0,0.0,40914102.38829938,0.0,0.0,Fund1
2025-05-31,0.0,0.0,333333333.3333333,333333333.3333333,141552.5114155251,0.0,369263140.4982305,2944556.137550911,0.0,372207696.6357814,40914102.38829938,981518.7125169705,0.0,0.0,41895621.100816354,0.0,0.0,Fund1
2025-06-30,0.0,41666666.666666664,291666666.6666666,291666666.6666666,119863.01369863014,63369791.66666687,372207696.6357814,2968036.441692532,63369791.66666687,311805941.4108071,41895621.100816354,989345.4805641775,0.0,0.0,42884966.58138053,0.0,0.0,Fund1
2025-07-31,0.0,0.0,291666666.6666666,291666666.6666666,123858.44748858447,0.0,311805941.4108071,2486384.363376315,0.0,314292325.7741834,42884966.58138053,828794.7877921051,0.0,0.0,43713761.36917263,0.0,0.0,Fund1
2025-08-31,0.0,0.0,291666666.6666666,291666666.6666666,123858.44748858447,0.0,314292325.7741834,2506211.1414501085,0.0,316798536.9156335,43713761.36917263,835403.713816703,0.0,0.0,44549165.082989335,0.0,0.0,Fund1
2025-09-30,0.0,41666666.666666664,249999999.99999997,249999999.99999997,102739.72602739724,63369791.66666687,316798536.9156335,2526196.0210365145,63369791.66666687,255954941.27000314,44549165.082989335,842065.3403455049,0.0,0.0,45391230.42333484,0.0,0.0,Fund1
2025-10-31,0.0,0.0,249999999.99999997,249999999.99999997,106164.38356164382,0.0,255954941.27000314,2041020.6451588206,0.0,257995961.91516197,45391230.42333484,680340.2150529403,0.0,0.0,46071570.63838778,0.0,0.0,Fund1
2025-11-30,0.0,0.0,249999999.99999997,249999999.99999997,102739.72602739724,0.0,257995961.91516197,2057296.030401609,0.0,260053257.94556358,46071570.63838778,685765.3434672031,0.0,0.0,46757335.98185498,0.0,0.0,Fund1
2025-12-31,0.0,41666666.666666664,208333333.3333333,208333333.3333333,88470.31963470319,63369791.66666687,260053257.94556358,2073701.1978518576,63369791.66666687,198757167.4767486,46757335.98185498,691233.7326172859,0.0,0.0,47448569.71447227,0.0,0.0,Fund1
2026-01-31,0.0,0.0,208333333.3333333,208333333.3333333,88470.31963470319,0.0,198757167.4767486,1584917.5647107372,0.0,200342085.04145932,47448569.71447227,528305.8549035791,0.0,0.0,47976875.56937585,0.0,0.0,Fund1
2026-02-28,0.0,0.0,208333333.3333333,208333333.3333333,79908.67579908675,0.0,200342085.04145932,1597555.919939977,0.0,201939640.9613993,47976875.56937585,532518.6399799924,0.0,0.0,48509394.209355846,0.0,0.0,Fund1
2026-03-31,0.0,41666666.666666664,166666666.66666666,166666666.66666666,70776.25570776255,63369791.66666687,201939640.9613993,1610295.0551886046,63369791.66666687,140180144.34992102,48509394.209355846,536765.0183962017,0.0,0.0,49046159.227752045,0.0,0.0,Fund1
2026-04-30,0.0,0.0,166666666.66666666,166666666.66666666,68493.15068493149,0.0,140180144.34992102,1117816.1563902707,0.0,141297960.5063113,49046159.227752045,372605.3854634236,0.0,0.0,49418764.61321547,0.0,0.0,Fund1
2026-05-31,0.0,0.0,166666666.66666666,166666666.66666666,70776.25570776255,0.0,141297960.5063113,1126729.7793950243,0.0,142424690.2857063,49418764.61321547,375576.5931316748,0.0,0.0,49794341.206347145,0.0,0.0,Fund1
2026-06-30,0.0,41666666.666666664,125000000.0,125000000.0,51369.86301369863,63369791.66666687,142424690.2857063,1135714.480881348,63369791.66666687,80190613.09992078,49794341.206347145,378571.493627116,0.0,0.0,50172912.69997426,0.0,0.0,Fund1
2026-07-31,0.0,0.0,125000000.0,125000000.0,53082.191780821915,0.0,80190613.09992078,639451.209938658,0.0,80830064.30985944,50172912.69997426,213150.40331288605,0.0,0.0,50386063.103287145,0.0,0.0,Fund1
2026-08-31,0.0,0.0,125000000.0,125000000.0,53082.191780821915,0.0,80830064.30985944,644550.2836841414,0.0,81474614.59354357,50386063.103287145,214850.09456138048,0.0,0.0,50600913.19784853,0.0,0.0,Fund1
2026-09-30,0.0,41666666.666666664,83333333.33333334,83333333.33333334,34246.57534246576,63369791.66666687,81474614.59354357,649690.0181597285,63369791.66666687,18754512.945036434,50600913.19784853,216563.33938657618,0.0,0.0,50817476.5372351,0.0,0.0,Fund1
2026-10-31,0.0,0.0,83333333.33333334,83333333.33333334,35388.127853881284,0.0,18754512.945036434,149551.119899414,0.0,18904064.064935848,50817476.5372351,49850.373299804676,0.0,0.0,50867326.91053491,0.0,0.0,Fund1
2026-11-30,0.0,0.0,83333333.33333334,83333333.33333334,34246.57534246576,0.0,18904064.064935848,150743.66153079178,0.0,19054807.72646664,50867326.91053491,50247.8871769306,0.0,0.0,50917574.79771184,0.0,0.0,Fund1
2026-12-31,0.0,41666666.666666664,41666666.66666668,41666666.66666668,17694.063926940646,63369791.66666687,19054807.72646664,151945.71265660546,19206753.439123247,0.0,50917574.79771184,50648.57088553516,22081519.11377181,22081519.11377181,28886704.254825562,0.0,0.0,Fund1
2027-01-31,0.0,0.0,41666666.66666668,41666666.66666668,17694.063926940646,0.0,0.0,0.0,0.0,0.0,28886704.254825562,0.0,0.0,0.0,28886704.254825562,0.0,0.0,Fund1
2027-02-28,0.0,0.0,41666666.66666668,41666666.66666668,15981.735159817355,0.0,0.0,0.0,0.0,0.0,28886704.254825562,0.0,0.0,0.0,28886704.254825562,0.0,0.0,Fund1
2027-03-31,0.0,41666666.666666664,1.4901161193847656e-08,1.4901161193847656e-08,6.327890369990101e-12,63369791.66666687,0.0,0.0,0.0,0.0,28886704.254825562,0.0,28886704.254825562,28886704.254825562,0.0,1119276.6314031498,4477106.525612599,Fund1
2024-03-31,0.0,0.0,0.0,600000000.0,254098.3606557377,0.0,0.0,0.0,0.0,0.0,0.0,0.0,0.0,0.0,0.0,0.0,0.0,Fund2
2024-04-30,0.0,0.0,0.0,600000000.0,245901.6393442623,0.0,0.0,0.0,0.0,0.0,0.0,0.0,0.0,0.0,0.0,0.0,0.0,Fund2
2024-05-31,0.0,0.0,0.0,600000000.0,254098.3606557377,0.0,0.0,0.0,0.0,0.0,0.0,0.0,0.0,0.0,0.0,0.0,0.0,Fund2
2024-06-30,50000000.0,0.0,50000000.0,600000000.0,245901.6393442623,0.0,0.0,0.0,0.0,50000000.0,0.0,0.0,0.0,0.0,0.0,0.0,0.0,Fund2
2024-07-31,0.0,0.0,50000000.0,600000000.0,254098.3606557377,0.0,50000000.0,398707.0214451882,0.0,50398707.021445185,0.0,132902.34048172942,0.0,0.0,132902.34048172942,0.0,0.0,Fund2
2024-08-31,0.0,0.0,50000000.0,600000000.0,254098.3606557377,0.0,50398707.021445185,401886.36722418206,0.0,50800593.388669364,132902.34048172942,133962.1224080607,0.0,0.0,266864.4628897901,0.0,0.0,Fund2
2024-09-30,50000000.0,0.0,100000000.0,600000000.0,245901.6393442623,0.0,50800593.388669364,405091.06555288966,0.0,101205684.45422226,266864.4628897901,135030.35518429658,0.0,0.0,401894.8180740867,0.0,0.0,Fund2
2024-10-31,0.0,0.0,100000000.0,600000000.0,254098.3606557377,0.0,101205684.45422226,807028.340041291,0.0,102012712.79426356,401894.8180740867,269009.4466804304,0.0,0.0,670904.264754517,0.0,0.0,Fund2
2024-11-30,0.0,0.0,100000000.0,600000000.0,245901.6393442623,0.0,102012712.79426356,813463.6973548853,0.0,102826176.49161844,670904.264754517,271154.5657849618,0.0,0.0,942058.8305394788,0.0,0.0,Fund2
2024-12-31,50000000.0,0.0,150000000.0,600000000.0,254098.3606557377,0.0,102826176.49161844,819950.3711114085,0.0,153646126.86272985,942058.8305394788,273316.7903704695,0.0,0.0,1215375.6209099484,0.0,0.0,Fund2
2025-01-31,0.0,0.0,150000000.0,600000000.0,254794.5205479452,0.0,153646126.86272985,1225195.7919605707,0.0,154871322.6546904,1215375.6209099484,408398.5973201903,0.0,0.0,1623774.2182301385,0.0,0.0,Fund2
2025-02-28,0.0,0.0,150000000.0,600000000.0,230136.98630136985,0.0,154871322.6546904,1234965.6752585664,0.0,156106288.329949,1623774.2182301385,411655.2250861888,0.0,0.0,2035429.4433163274,0.0,0.0,Fund2
2025-03-31,50000000.0,0.0,200000000.0,600000000.0,254794.5205479452,0.0,156106288.329949,1244813.464977954,0.0,207351101.79492694,2035429.4433163274,414937.82165931806,0.0,0.0,2450367.2649756456,0.0,0.0,Fund2
2025-04-30,0.0,0.0,200000000.0,600000000.0,246575.34246575343,0.0,207351101.79492694,1653446.8038006667,0.0,209004548.5987276,2450367.2649756456,551148.9346002223,0.0,0.0,3001516.199575868,0.0,0.0,Fund2
2025-05-31,0.0,0.0,200000000.0,600000000.0,254794.5205479452,0.0,209004548.5987276,1666631.6208058954,0.0,210671180.2195335,3001516.199575868,555543.8736019653,0.0,0.0,3557060.073177833,0.0,0.0,Fund2
2025-06-30,50000000.0,0.0,250000000.0,600000000.0,246575.34246575343,0.0,210671180.2195335,1679921.575393453,0.0,262351101.79492694,3557060.073177833,559973.8584644845,0.0,0.0,4117033.9316423177,0.0,0.0,Fund2
2025-07-31,0.0,0.0,250000000.0,600000000.0,254794.5205479452,0.0,262351101.79492694,2092024.5273903739,0.0,264443126.3223173,4117033.9316423177,697341.5091301247,0.0,0.0,4814375.440772442,0.0,0.0,Fund2
2025-08-31,0.0,0.0,250000000.0,600000000.0,254794.5205479452,0.0,264443126.3223173,2108706.6247524954,0.0,266551832.9470698,4814375.440772442,702902.2082508319,0.0,0.0,5517277.649023274,0.0,0.0,Fund2
2025-09-30,50000000.0,0.0,300000000.0,600000000.0,246575.34246575343,0.0,266551832.9470698,2125521.7475016317,0.0,318677354.69457144,5517277.649023274,708507.2491672107,0.0,0.0,6225784.898190484,0.0,0.0,Fund2
2025-10-31,0.0,0.0,300000000.0,600000000.0,254794.5205479452,0.0,318677354.69457144,2541177.977846087,0.0,321218532.6724175,6225784.898190484,847059.3259486958,0.0,0.0,7072844.22413918,0.0,0.0,Fund2
2025-11-30,0.0,0.0,300000000.0,600000000.0,246575.34246575343,0.0,321218532.6724175,2561441.6878962694,0.0,323779974.3603138,7072844.22413918,853813.8959654232,0.0,0.0,7926658.1201046035,0.0,0.0,Fund2
2025-12-31,50000000.0,0.0,350000000.0,600000000.0,254794.5205479452,0.0,323779974.3603138,2581866.9836160024,0.0,376361841.34392977,7926658.1201046035,860622.3278720009,0.0,0.0,8787280.447976604,0.0,0.0,Fund2
2026-01-31,0.0,0.0,350000000.0,600000000.0,254794.5205479452,0.0,376361841.34392977,3001162.1749572945,0.0,379363003.51888704,8787280.447976604,1000387.3916524316,0.0,0.0,9787667.839629035,0.0,0.0,Fund2
2026-02-28,0.0,0.0,350000000.0,600000000.0,230136.98630136985,0.0,379363003.51888704,3025093.8635903182,0.0,382388097.38247734,9787667.839629035,1008364.6211967729,0.0,0.0,10796032.460825808,0.0,0.0,Fund2
2026-03-31,50000000.0,0.0,400000000.0,600000000.0,254794.5205479452,0.0,382388097.38247734,3049216.3868692024,0.0,435437313.76934654,10796032.460825808,1016405.4622897343,0.0,0.0,11812437.923115542,0.0,0.0,Fund2
2026-04-30,0.0,0.0,400000000.0,600000000.0,246575.34246575343,0.0,435437313.76934654,3472238.2879814,0.0,438909552.0573279,11812437.923115542,1157412.7626604668,0.0,0.0,12969850.685776008,0.0,0.0,Fund2
2026-05-31,0.0,0.0,400000000.0,600000000.0,254794.5205479452,0.0,438909552.0573279,3499926.40369238,0.0,442409478.4610203,12969850.685776008,1166642.1345641268,0.0,0.0,14136492.820340134,0.0,0.0,Fund2
2026-06-30,50000000.0,0.0,450000000.0,600000000.0,246575.34246575343,0.0,442409478.4610203,3527835.308326251,0.0,495937313.76934654,14136492.820340134,1175945.102775417,0.0,0.0,15312437.923115551,0.0,0.0,Fund2
2026-07-31,0.0,0.0,450000000.0,600000000.0,254794.5205479452,0.0,495937313.76934654,3954673.7839300777,0.0,499891987.5532766,15312437.923115551,1318224.5946433593,0.0,0.0,16630662.517758911,0.0,0.0,Fund2
2026-08-31,0.0,0.0,450000000.0,600000000.0,254794.5205479452,0.0,499891987.5532766,3986208.90803364,0.0,503878196.46131027,16630662.517758911,1328736.3026778803,0.0,0.0,17959398.82043679,0.0,0.0,Fund2
2026-09-30,50000000.0,0.0,500000000.0,600000000.0,246575.34246575343,0.0,503878196.46131027,4017995.4976452477,0.0,557896191.9589555,17959398.82043679,1339331.832548416,0.0,0.0,19298730.652985208,0.0,0.0,Fund2
2026-10-31,0.0,0.0,500000000.0,600000000.0,254794.5205479452,0.0,557896191.9589555,4448742.579431362,0.0,562344934.538387,19298730.652985208,1482914.1931437876,0.0,0.0,20781644.846128996,0.0,0.0,Fund2
2026-11-30,0.0,0.0,500000000.0,600000000.0,246575.34246575343,0.0,562344934.538387,4484217.477491792,0.0,566829152.0158787,20781644.846128996,1494739.159163931,0.0,0.0,22276384.005292926,0.0,0.0,Fund2
2026-12-31,50000000.0,0.0,550000000.0,600000000.0,254794.5205479452,0.0,566829152.0158787,4519975.257371056,0.0,621349127.2732497,22276384.005292926,1506658.4191236855,0.0,0.0,23783042.424416613,0.0,0.0,Fund2
2027-01-31,0.0,0.0,550000000.0,600000000.0,254794.5205479452,0.0,621349127.2732497,4954725.196253692,0.0,626303852.4695034,23783042.424416613,1651575.0654178974,0.0,0.0,25434617.48983451,0.0,0.0,Fund2
2027-02-28,0.0,0.0,550000000.0,600000000.0,230136.98630136985,0.0,626303852.4695034,4994234.870755246,0.0,631298087.3402586,25434617.48983451,1664744.9569184154,0.0,0.0,27099362.446752924,0.0,0.0,Fund2
2027-03-31,50000000.0,0.0,600000000.0,600000000.0,254794.5205479452,0.0,631298087.3402586,5034059.600949576,0.0,686332146.9412081,27099362.446752924,1678019.8669831923,0.0,0.0,28777382.31373612,0.0,0.0,Fund2
2027-04-30,0.0,0.0,600000000.0,600000000.0,246575.34246575343,0.0,686332146.9412081,5472908.920580206,0.0,691805055.8617883,28777382.31373612,1824302.9735267358,0.0,0.0,30601685.287262853,0.0,0.0,Fund2
2027-05-31,0.0,0.0,600000000.0,600000000.0,254794.5205479452,0.0,691805055.8617883,5516550.664867513,0.0,697321606.5266558,30601685.287262853,1838850.2216225045,0.0,0.0,32440535.508885358,0.0,0.0,Fund2
2027-06-30,0.0,50000000.0,550000000.0,550000000.0,226027.39726027398,76043750.00000025,697321606.5266558,5560540.414552329,76043750.00000025,626838396.9412079,32440535.508885358,1853513.4715174432,0.0,0.0,34294048.9804028,0.0,0.0,Fund2
2027-07-31,0.0,0.0,550000000.0,550000000.0,233561.64383561644,0.0,626838396.9412079,4998497.403438112,0.0,631836894.344646,34294048.9804028,1666165.8011460374,0.0,0.0,35960214.781548835,0.0,0.0,Fund2
2027-08-31,0.0,0.0,550000000.0,550000000.0,233561.64383561644,0.0,631836894.344646,5038356.123666638,0.0,636875250.4683126,35960214.781548835,1679452.0412222126,0.0,0.0,37639666.82277105,0.0,0.0,Fund2
2027-09-30,0.0,50000000.0,500000000.0,500000000.0,205479.45205479453,76043750.00000025,636875250.4683126,5078532.682927582,76043750.00000025,565910033.15124,37639666.82277105,1692844.2276425275,0.0,0.0,39332511.05041358,0.0,0.0,Fund2
2027-10-31,0.0,0.0,500000000.0,500000000.0,212328.76712328766,0.0,565910033.15124,4512646.074473572,0.0,570422679.2257136,39332511.05041358,1504215.3581578576,0.0,0.0,40836726.40857144,0.0,0.0,Fund2
2027-11-30,0.0,0.0,500000000.0,500000000.0,205479.45205479453,0.0,570422679.2257136,4548630.5479773665,0.0,574971309.7736909,40836726.40857144,1516210.1826591224,0.0,0.0,42352936.59123056,0.0,0.0,Fund2
2027-12-31,0.0,50000000.0,450000000.0,450000000.0,191095.8904109589,76043750.00000025,574971309.7736909,4584901.966726139,76043750.00000025,503512461.7404169,42352936.59123056,1528300.65557538,0.0,0.0,43881237.246805936,0.0,0.0,Fund2
2028-01-31,0.0,0.0,450000000.0,450000000.0,190573.77049180327,0.0,503512461.7404169,4015079.077621118,0.0,507527540.818038,43881237.246805936,1338359.692540373,0.0,0.0,45219596.939346306,0.0,0.0,Fund2
2028-02-29,0.0,0.0,450000000.0,450000000.0,178278.68852459016,0.0,507527540.818038,4047095.8820192222,0.0,511574636.7000572,45219596.939346306,1349031.9606730742,0.0,0.0,46568628.90001938,0.0,0.0,Fund2
2028-03-31,0.0,50000000.0,400000000.0,400000000.0,169398.90710382513,76043750.00000025,511574636.7000572,4079367.9929116815,76043750.00000025,439610254.69296867,46568628.90001938,1359789.3309705607,0.0,0.0,47928418.23098994,0.0,0.0,Fund2
2028-04-30,0.0,0.0,400000000.0,400000000.0,163934.4262295082,0.0,439610254.69296867,3505513.904907882,0.0,443115768.59787655,47928418.23098994,1168504.6349692943,0.0,0.0,49096922.865959235,0.0,0.0,Fund2
2028-05-31,0.0,0.0,400000000.0,400000000.0,169398.90710382513,0.0,443115768.59787655,3533467.3650610927,0.0,446649235.96293765,49096922.865959235,1177822.4550203644,0.0,0.0,50274745.320979595,0.0,0.0,Fund2
2028-06-30,0.0,50000000.0,350000000.0,350000000.0,143442.62295081967,76043750.00000025,446649235.96293765,3561643.730031038,76043750.00000025,374167129.6929684,50274745.320979595,1187214.576677013,0.0,0.0,51461959.897656605,0.0,0.0,Fund2
2028-07-31,0.0,0.0,350000000.0,350000000.0,148224.043715847,0.0,374167129.6929684,2983661.2360515776,0.0,377150790.92902,51461959.897656605,994553.745350526,0.0,0.0,52456513.64300713,0.0,0.0,Fund2
2028-08-31,0.0,0.0,350000000.0,350000000.0,148224.043715847,0.0,377150790.92902,3007453.3697401294,0.0,380158244.2987601,52456513.64300713,1002484.4565800433,0.0,0.0,53458998.09958717,0.0,0.0,Fund2
2028-09-30,0.0,50000000.0,300000000.0,300000000.0,122950.81967213115,76043750.00000025,380158244.2987601,3031435.225243817,76043750.00000025,307145929.5240037,53458998.09958717,1010478.4084146058,0.0,0.0,54469476.508001775,0.0,0.0,Fund2
2028-10-31,0.0,0.0,300000000.0,300000000.0,127049.18032786885,0.0,307145929.5240037,2449224.774190584,0.0,309595154.2981943,54469476.508001775,816408.2580635281,0.0,0.0,55285884.7660653,0.0,0.0,Fund2
2028-11-30,0.0,0.0,300000000.0,300000000.0,122950.81967213115,0.0,309595154.2981943,2468755.23648193,0.0,312063909.5346762,55285884.7660653,822918.4121606435,0.0,0.0,56108803.17822594,0.0,0.0,Fund2
2028-12-31,0.0,50000000.0,250000000.0,250000000.0,105874.3169398907,76043750.00000025,312063909.5346762,2488441.4374222285,76043750.00000025,238508600.97209817,56108803.17822594,829480.4791407429,0.0,0.0,56938283.657366686,0.0,0.0,Fund2
2029-01-31,0.0,0.0,250000000.0,250000000.0,106164.38356164383,0.0,238508600.97209817,1901901.0776528837,0.0,240410502.04975104,56938283.657366686,633967.0258842946,0.0,0.0,57572250.68325098,0.0,0.0,Fund2
2029-02-28,0.0,0.0,250000000.0,250000000.0,95890.4109589041,0.0,240410502.04975104,1917067.103927971,0.0,242327569.153679,57572250.68325098,639022.3679759904,0.0,0.0,58211273.051226966,0.0,0.0,Fund2
2029-03-31,0.0,50000000.0,200000000.0,200000000.0,84931.50684931508,76043750.00000025,242327569.153679,1932354.0662263245,76043750.00000025,168216173.21990508,58211273.051226966,644118.0220754415,0.0,0.0,58855391.07330241,0.0,0.0,Fund2
2029-04-30,0.0,0.0,200000000.0,200000000.0,82191.78082191781,0.0,168216173.21990508,1341379.3876683237,0.0,169557552.6075734,58855391.07330241,447126.46255610796,0.0,0.0,59302517.53585852,0.0,0.0,Fund2
2029-05-31,0.0,0.0,200000000.0,200000000.0,84931.50684931508,0.0,169557552.6075734,1352075.7352740278,0.0,170909628.3428474,59302517.53585852,450691.91175800934,0.0,0.0,59753209.44761653,0.0,0.0,Fund2
2029-06-30,0.0,50000000.0,150000000.0,150000000.0,61643.83561643836,76043750.00000025,170909628.3428474,1362857.3770576161,76043750.00000025,96228735.71990477,59753209.44761653,454285.7923525388,0.0,0.0,60207495.239969075,0.0,0.0,Fund2
2029-07-31,0.0,0.0,150000000.0,150000000.0,63698.6301369863,0.0,96228735.71990477,767341.4519263883,0.0,96996077.17183116,60207495.239969075,255780.4839754628,0.0,0.0,60463275.72394454,0.0,0.0,Fund2
2029-08-31,0.0,0.0,150000000.0,150000000.0,63698.6301369863,0.0,96996077.17183116,773460.3404209684,0.0,97769537.51225212,60463275.72394454,257820.11347365615,0.0,0.0,60721095.83741819,0.0,0.0,Fund2
2029-09-30,0.0,50000000.0,100000000.0,100000000.0,41095.890410958906,76043750.00000025,97769537.51225212,779628.0217916728,76043750.00000025,22505415.534043536,60721095.83741819,259876.00726389096,0.0,0.0,60980971.84468208,0.0,0.0,Fund2
2029-10-31,0.0,0.0,100000000.0,100000000.0,42465.75342465754,0.0,22505415.534043536,179461.34387929537,0.0,22684876.87792283,60980971.84468208,59820.44795976513,0.0,0.0,61040792.29264185,0.0,0.0,Fund2
2029-11-30,0.0,0.0,100000000.0,100000000.0,41095.890410958906,0.0,22684876.87792283,180892.39383694864,0.0,22865769.27175978,61040792.29264185,60297.464612316224,0.0,0.0,61101089.75725416,0.0,0.0,Fund2
2029-12-31,0.0,50000000.0,50000000.0,50000000.0,21232.87671232877,76043750.00000025,22865769.27175978,182334.85518792504,23048104.126947705,0.0,61101089.75725416,60778.28506264169,26497822.936526276,26497822.936526276,34664045.105790526,0.0,0.0,Fund2
2030-01-31,0.0,0.0,50000000.0,50000000.0,21232.87671232877,0.0,0.0,0.0,0.0,0.0,34664045.105790526,0.0,0.0,0.0,34664045.105790526,0.0,0.0,Fund2
2030-02-28,0.0,0.0,50000000.0,50000000.0,19178.08219178082,0.0,0.0,0.0,0.0,0.0,34664045.105790526,0.0,0.0,0.0,34664045.105790526,0.0,0.0,Fund2
2030-03-31,0.0,50000000.0,0.0,0.0,0.0,76043750.00000025,0.0,0.0,0.0,0.0,34664045.105790526,0.0,34664045.105790526,34664045.105790526,0.0,1343131.9576838405,5372527.830735362,Fund2
2024-03-31,0.0,0.0,0.0,200000000.0,84699.45355191256,0.0,0.0,0.0,0.0,0.0,0.0,0.0,0.0,0.0,0.0,0.0,0.0,Fund3
2024-04-30,0.0,0.0,0.0,200000000.0,81967.2131147541,0.0,0.0,0.0,0.0,0.0,0.0,0.0,0.0,0.0,0.0,0.0,0.0,Fund3
2024-05-31,0.0,0.0,0.0,200000000.0,84699.45355191256,0.0,0.0,0.0,0.0,0.0,0.0,0.0,0.0,0.0,0.0,0.0,0.0,Fund3
2024-06-30,8333333.333333333,0.0,8333333.333333333,200000000.0,81967.2131147541,0.0,0.0,0.0,0.0,8333333.333333333,0.0,0.0,0.0,0.0,0.0,0.0,0.0,Fund3
2024-07-31,8333333.333333333,0.0,16666666.666666666,200000000.0,84699.45355191256,0.0,8333333.333333333,66451.1702408647,0.0,16733117.836907532,0.0,0.0,0.0,0.0,0.0,0.0,0.0,Fund3
2024-08-31,8333333.333333333,0.0,25000000.0,200000000.0,84699.45355191256,0.0,16733117.836907532,133432.23144489506,0.0,25199883.40168576,0.0,0.0,0.0,0.0,0.0,0.0,0.0,Fund3
2024-09-30,8333333.333333333,0.0,33333333.333333332,200000000.0,81967.2131147541,0.0,25199883.40168576,200947.40903704334,0.0,33734164.144056134,0.0,0.0,0.0,0.0,0.0,0.0,0.0,Fund3
2024-10-31,8333333.333333333,0.0,41666666.666666664,200000000.0,84699.45355191256,0.0,33734164.144056134,269000.96213639376,0.0,42336498.439525865,0.0,0.0,0.0,0.0,0.0,0.0,0.0,Fund3
2024-11-30,8333333.333333333,0.0,50000000.0,200000000.0,81967.2131147541,0.0,42336498.439525865,337597.1838248443,0.0,51007428.956684045,0.0,0.0,0.0,0.0,0.0,0.0,0.0,Fund3
2024-12-31,8333333.333333333,0.0,58333333.333333336,200000000.0,84699.45355191256,0.0,51007428.956684045,406740.4014179308,0.0,59747502.691435315,0.0,0.0,0.0,0.0,0.0,0.0,0.0,Fund3
2025-01-31,8333333.333333333,0.0,66666666.66666667,200000000.0,84931.50684931508,0.0,59747502.691435315,476434.9767378108,0.0,68557271.00150646,0.0,0.0,0.0,0.0,0.0,0.0,0.0,Fund3
2025-02-28,8333333.333333333,0.0,75000000.0,200000000.0,76712.32876712328,0.0,68557271.00150646,546685.3063884244,0.0,77437289.64122821,0.0,0.0,0.0,0.0,0.0,0.0,0.0,Fund3
2025-03-31,8333333.333333333,0.0,83333333.33333333,200000000.0,84931.50684931508,0.0,77437289.64122821,617495.8220328486,0.0,86388118.7965944,0.0,0.0,0.0,0.0,0.0,0.0,0.0,Fund3
2025-04-30,8333333.333333333,0.0,91666666.66666666,200000000.0,82191.78082191781,0.0,86388118.7965944,688870.9906728646,0.0,95410323.1206006,0.0,0.0,0.0,0.0,0.0,0.0,0.0,Fund3
2025-05-31,8333333.333333333,0.0,99999999.99999999,200000000.0,84931.50684931508,0.0,95410323.1206006,760815.3149307527,0.0,104504471.76886468,0.0,0.0,0.0,0.0,0.0,0.0,0.0,Fund3
2025-06-30,8333333.333333333,0.0,108333333.33333331,200000000.0,82191.78082191781,0.0,104504471.76886468,833333.3333333359,0.0,113671138.43553135,0.0,0.0,0.0,0.0,0.0,0.0,0.0,Fund3
2025-07-31,8333333.333333333,0.0,116666666.66666664,200000000.0,84931.50684931508,0.0,113671138.43553135,906429.6205982871,0.0,122910901.38946296,0.0,0.0,0.0,0.0,0.0,0.0,0.0,Fund3
2025-08-31,8333333.333333333,0.0,124999999.99999997,200000000.0,84931.50684931508,0.0,122910901.38946296,980108.7879227204,0.0,132224343.51071902,0.0,0.0,0.0,0.0,0.0,0.0,0.0,Fund3
2025-09-30,8333333.333333333,0.0,133333333.3333333,200000000.0,82191.78082191781,0.0,132224343.51071902,1054375.4832740836,0.0,141612052.32732645,0.0,0.0,0.0,0.0,0.0,0.0,0.0,Fund3
2025-10-31,8333333.333333333,0.0,141666666.66666663,200000000.0,84931.50684931508,0.0,141612052.32732645,1129234.3916833692,0.0,151074620.05234316,0.0,0.0,0.0,0.0,0.0,0.0,0.0,Fund3
2025-11-30,8333333.333333333,0.0,149999999.99999997,200000000.0,82191.78082191781,0.0,151074620.05234316,1204690.235540665,0.0,160612643.62121716,0.0,0.0,0.0,0.0,0.0,0.0,0.0,Fund3
2025-12-31,8333333.333333333,0.0,158333333.3333333,200000000.0,84931.50684931508,0.0,160612643.62121716,1280747.77489306,0.0,170226724.72944355,0.0,0.0,0.0,0.0,0.0,0.0,0.0,Fund3
2026-01-31,8333333.333333333,0.0,166666666.66666666,200000000.0,84931.50684931508,0.0,170226724.72944355,1357411.807744928,0.0,179917469.8705218,0.0,0.0,0.0,0.0,0.0,0.0,0.0,Fund3
2026-02-28,8333333.333333333,0.0,175000000.0,200000000.0,76712.32876712328,0.0,179917469.8705218,1434687.170360603,0.0,189685490.37421575,0.0,0.0,0.0,0.0,0.0,0.0,0.0,Fund3
2026-03-31,8333333.333333333,0.0,183333333.33333334,200000000.0,84931.50684931508,0.0,189685490.37421575,1512578.7375694697,0.0,199531402.44511858,0.0,0.0,0.0,0.0,0.0,0.0,0.0,Fund3
2026-04-30,8333333.333333333,0.0,191666666.6666667,200000000.0,82191.78082191781,0.0,199531402.44511858,1591091.4230734874,0.0,209455827.20152542,0.0,0.0,0.0,0.0,0.0,0.0,0.0,Fund3
2026-05-31,8333333.333333333,0.0,200000000.00000003,200000000.0,84931.50684931508,0.0,209455827.20152542,1670230.1797571646,0.0,219459390.71461594,0.0,0.0,0.0,0.0,0.0,0.0,0.0,Fund3
2026-06-30,0.0,0.0,200000000.00000003,200000000.00000003,82191.78082191781,0.0,219459390.71461594,1750000.0000000063,0.0,221209390.71461594,0.0,0.0,0.0,0.0,0.0,0.0,0.0,Fund3
2026-07-31,0.0,0.0,200000000.00000003,200000000.00000003,84931.50684931508,0.0,221209390.71461594,1763954.745750588,0.0,222973345.46036652,0.0,0.0,0.0,0.0,0.0,0.0,0.0,Fund3
2026-08-31,0.0,0.0,200000000.00000003,200000000.00000003,84931.50684931508,0.0,222973345.46036652,1778020.7686034343,0.0,224751366.22896996,0.0,0.0,0.0,0.0,0.0,0.0,0.0,Fund3
2026-09-30,0.0,0.0,200000000.00000003,200000000.00000003,82191.78082191781,0.0,224751366.22896996,1792198.9558977855,0.0,226543565.18486774,0.0,0.0,0.0,0.0,0.0,0.0,0.0,Fund3
2026-10-31,0.0,0.0,200000000.00000003,200000000.00000003,84931.50684931508,0.0,226543565.18486774,1806490.202048649,0.0,228350055.3869164,0.0,0.0,0.0,0.0,0.0,0.0,0.0,Fund3
2026-11-30,0.0,0.0,200000000.00000003,200000000.00000003,82191.78082191781,0.0,228350055.3869164,1820895.408603224,0.0,230170950.79551962,0.0,0.0,0.0,0.0,0.0,0.0,0.0,Fund3
2026-12-31,0.0,0.0,200000000.00000003,200000000.00000003,84931.50684931508,0.0,230170950.79551962,1835415.484297772,0.0,232006366.2798174,0.0,0.0,0.0,0.0,0.0,0.0,0.0,Fund3
2027-01-31,0.0,0.0,200000000.00000003,200000000.00000003,84931.50684931508,0.0,232006366.2798174,1850051.345114947,0.0,233856417.62493235,0.0,0.0,0.0,0.0,0.0,0.0,0.0,Fund3
2027-02-28,0.0,0.0,200000000.00000003,200000000.00000003,76712.3287671233,0.0,233856417.62493235,1864803.914341576,0.0,235721221.53927392,0.0,0.0,0.0,0.0,0.0,0.0,0.0,Fund3
2027-03-31,0.0,0.0,200000000.00000003,200000000.00000003,84931.50684931508,0.0,235721221.53927392,1879674.1226269049,0.0,237600895.66190082,0.0,0.0,0.0,0.0,0.0,0.0,0.0,Fund3
2027-04-30,0.0,0.0,200000000.00000003,200000000.00000003,82191.78082191781,0.0,237600895.66190082,1894662.9080413084,0.0,239495558.56994212,0.0,0.0,0.0,0.0,0.0,0.0,0.0,Fund3
2027-05-31,0.0,0.0,200000000.00000003,200000000.00000003,84931.50684931508,0.0,239495558.56994212,1909771.2161354648,0.0,241405329.7860776,0.0,0.0,0.0,0.0,0.0,0.0,0.0,Fund3
2027-06-30,0.0,8333333.333333333,191666666.6666667,191666666.6666667,78767.12328767125,11707733.333333362,241405329.7860776,1925000.0000000075,11707733.333333362,231622596.45274422,0.0,0.0,0.0,0.0,0.0,0.0,0.0,Fund3
2027-07-31,0.0,8333333.333333333,183333333.33333334,183333333.33333334,77853.88127853881,11707733.333333362,231622596.45274422,1846991.1106214894,11707733.333333362,221761854.23003232,0.0,0.0,0.0,0.0,0.0,0.0,0.0,Fund3
2027-08-31,0.0,8333333.333333333,175000000.0,175000000.0,74315.06849315068,11707733.333333362,221761854.23003232,1768360.167404364,11707733.333333362,211822481.0641033,0.0,0.0,0.0,0.0,0.0,0.0,0.0,Fund3
2027-09-30,0.0,8333333.333333333,166666666.66666666,166666666.66666666,68493.15068493149,11707733.333333362,211822481.0641033,1689102.2100039683,11707733.333333362,201803849.9407739,0.0,0.0,0.0,0.0,0.0,0.0,0.0,Fund3
2027-10-31,0.0,8333333.333333333,158333333.3333333,158333333.3333333,67237.44292237442,11707733.333333362,201803849.9407739,1609212.2385211538,11707733.333333362,191705328.8459617,0.0,0.0,0.0,0.0,0.0,0.0,0.0,Fund3
2027-11-30,0.0,8333333.333333333,149999999.99999997,149999999.99999997,61643.835616438344,11707733.333333362,191705328.8459617,1528685.213186874,11707733.333333362,181526280.72581518,0.0,0.0,0.0,0.0,0.0,0.0,0.0,Fund3
2027-12-31,0.0,8333333.333333333,141666666.66666663,141666666.66666663,60159.81735159816,11707733.333333362,181526280.72581518,1447516.054044257,11707733.333333362,171266063.44652605,0.0,0.0,0.0,0.0,0.0,0.0,0.0,Fund3
2028-01-31,0.0,8333333.333333333,133333333.3333333,133333333.3333333,56466.302367941695,11707733.333333362,171266063.44652605,1365699.6406281407,11707733.333333362,160924029.7538208,0.0,0.0,0.0,0.0,0.0,0.0,0.0,Fund3
2028-02-29,0.0,8333333.333333333,124999999.99999997,124999999.99999997,49521.85792349726,11707733.333333362,160924029.7538208,1283230.8116420547,11707733.333333362,150499527.23212948,0.0,0.0,0.0,0.0,0.0,0.0,0.0,Fund3
2028-03-31,0.0,8333333.333333333,116666666.66666664,116666666.66666664,49408.014571948996,11707733.333333362,150499527.23212948,1200104.3646326268,11707733.333333362,139991898.26342875,0.0,0.0,0.0,0.0,0.0,0.0,0.0,Fund3
2028-04-30,0.0,8333333.333333333,108333333.33333331,108333333.33333331,44398.907103825135,11707733.333333362,139991898.26342875,1116315.0556613898,11707733.333333362,129400479.98575677,0.0,0.0,0.0,0.0,0.0,0.0,0.0,Fund3
2028-05-31,0.0,8333333.333333333,99999999.99999999,99999999.99999999,42349.72677595628,11707733.333333362,129400479.98575677,1031857.5989739754,11707733.333333362,118724604.25139739,0.0,0.0,0.0,0.0,0.0,0.0,0.0,Fund3
2028-06-30,0.0,8333333.333333333,91666666.66666666,91666666.66666666,37568.30601092896,11707733.333333362,118724604.25139739,946726.6666666677,11707733.333333362,107963597.5847307,0.0,0.0,0.0,0.0,0.0,0.0,0.0,Fund3
2028-07-31,0.0,8333333.333333333,83333333.33333333,83333333.33333333,35291.43897996357,11707733.333333362,107963597.5847307,860916.8883502979,11707733.333333362,97116781.13974763,0.0,0.0,0.0,0.0,0.0,0.0,0.0,Fund3
2028-08-31,0.0,8333333.333333333,75000000.0,75000000.0,31762.29508196721,11707733.333333362,97116781.13974763,774422.8508114602,11707733.333333362,86183470.65722574,0.0,0.0,0.0,0.0,0.0,0.0,0.0,Fund3
2028-09-30,0.0,8333333.333333333,66666666.666666664,66666666.666666664,27322.4043715847,11707733.333333362,86183470.65722574,687239.0976710251,11707733.333333362,75162976.42156342,0.0,0.0,0.0,0.0,0.0,0.0,0.0,Fund3
2028-10-31,0.0,8333333.333333333,58333333.33333333,58333333.33333333,24704.007285974498,11707733.333333362,75162976.42156342,599360.1290399292,11707733.333333362,64054603.21726999,0.0,0.0,0.0,0.0,0.0,0.0,0.0,Fund3
2028-11-30,0.0,8333333.333333333,49999999.99999999,49999999.99999999,20491.803278688523,11707733.333333362,64054603.21726999,510780.40117222175,11707733.333333362,52857650.28510885,0.0,0.0,0.0,0.0,0.0,0.0,0.0,Fund3
2028-12-31,0.0,8333333.333333333,41666666.66666666,41666666.66666666,17645.71948998178,11707733.333333362,52857650.28510885,421494.3261153431,11707733.333333362,41571411.27789083,0.0,0.0,0.0,0.0,0.0,0.0,0.0,Fund3
2029-01-31,0.0,8333333.333333333,33333333.333333325,33333333.333333325,14155.251141552508,11707733.333333362,41571411.27789083,331496.2713576152,11707733.333333362,30195174.215915088,0.0,0.0,0.0,0.0,0.0,0.0,0.0,Fund3
2029-02-28,0.0,8333333.333333333,24999999.999999993,24999999.999999993,9589.041095890409,11707733.333333362,30195174.215915088,240780.559472921,11707733.333333362,18728221.442054648,0.0,0.0,0.0,0.0,0.0,0.0,0.0,Fund3
2029-03-31,0.0,8333333.333333333,16666666.66666666,16666666.66666666,7077.625570776252,11707733.333333362,18728221.442054648,149341.46776255034,11707733.333333362,7169829.576483835,0.0,0.0,0.0,0.0,0.0,0.0,0.0,Fund3
2029-04-30,0.0,8333333.333333333,8333333.333333327,8333333.333333327,3424.6575342465726,11707733.333333362,7169829.576483835,57173.2278941897,7227002.804378024,0.0,0.0,0.0,0.0,0.0,0.0,896146.1057910676,3584584.4231642704,Fund3
2029-05-31,0.0,8333333.333333333,-5.587935447692871e-09,-5.587935447692871e-09,-2.3729588887462875e-12,11707733.333333362,0.0,0.0,0.0,0.0,0.0,0.0,0.0,0.0,0.0,2341546.6666666726,9366186.66666669,Fund3
2024-03-31,0.0,0.0,0.0,200000000.0,84699.45355191256,0.0,0.0,0.0,0.0,0.0,0.0,0.0,0.0,0.0,0.0,0.0,0.0,Fund4
2024-04-30,0.0,0.0,0.0,200000000.0,81967.2131147541,0.0,0.0,0.0,0.0,0.0,0.0,0.0,0.0,0.0,0.0,0.0,0.0,Fund4
2024-05-31,0.0,0.0,0.0,200000000.0,84699.45355191256,0.0,0.0,0.0,0.0,0.0,0.0,0.0,0.0,0.0,0.0,0.0,0.0,Fund4
2024-06-30,8333333.333333333,0.0,8333333.333333333,200000000.0,81967.2131147541,0.0,0.0,0.0,0.0,8333333.333333333,0.0,0.0,0.0,0.0,0.0,0.0,0.0,Fund4
2024-07-31,8333333.333333333,0.0,16666666.666666666,200000000.0,84699.45355191256,0.0,8333333.333333333,66451.1702408647,0.0,16733117.836907532,0.0,0.0,0.0,0.0,0.0,0.0,0.0,Fund4
2024-08-31,8333333.333333333,0.0,25000000.0,200000000.0,84699.45355191256,0.0,16733117.836907532,133432.23144489506,0.0,25199883.40168576,0.0,0.0,0.0,0.0,0.0,0.0,0.0,Fund4
2024-09-30,8333333.333333333,0.0,33333333.333333332,200000000.0,81967.2131147541,0.0,25199883.40168576,200947.40903704334,0.0,33734164.144056134,0.0,0.0,0.0,0.0,0.0,0.0,0.0,Fund4
2024-10-31,8333333.333333333,0.0,41666666.666666664,200000000.0,84699.45355191256,0.0,33734164.144056134,269000.96213639376,0.0,42336498.439525865,0.0,0.0,0.0,0.0,0.0,0.0,0.0,Fund4
2024-11-30,8333333.333333333,0.0,50000000.0,200000000.0,81967.2131147541,0.0,42336498.439525865,337597.1838248443,0.0,51007428.956684045,0.0,0.0,0.0,0.0,0.0,0.0,0.0,Fund4
2024-12-31,8333333.333333333,0.0,58333333.333333336,200000000.0,84699.45355191256,0.0,51007428.956684045,406740.4014179308,0.0,59747502.691435315,0.0,0.0,0.0,0.0,0.0,0.0,0.0,Fund4
2025-01-31,8333333.333333333,0.0,66666666.66666667,200000000.0,84931.50684931508,0.0,59747502.691435315,476434.9767378108,0.0,68557271.00150646,0.0,0.0,0.0,0.0,0.0,0.0,0.0,Fund4
2025-02-28,8333333.333333333,0.0,75000000.0,200000000.0,76712.32876712328,0.0,68557271.00150646,546685.3063884244,0.0,77437289.64122821,0.0,0.0,0.0,0.0,0.0,0.0,0.0,Fund4
2025-03-31,8333333.333333333,0.0,83333333.33333333,200000000.0,84931.50684931508,0.0,77437289.64122821,617495.8220328486,0.0,86388118.7965944,0.0,0.0,0.0,0.0,0.0,0.0,0.0,Fund4
2025-04-30,8333333.333333333,0.0,91666666.66666666,200000000.0,82191.78082191781,0.0,86388118.7965944,688870.9906728646,0.0,95410323.1206006,0.0,0.0,0.0,0.0,0.0,0.0,0.0,Fund4
2025-05-31,8333333.333333333,0.0,99999999.99999999,200000000.0,84931.50684931508,0.0,95410323.1206006,760815.3149307527,0.0,104504471.76886468,0.0,0.0,0.0,0.0,0.0,0.0,0.0,Fund4
2025-06-30,8333333.333333333,0.0,108333333.33333331,200000000.0,82191.78082191781,0.0,104504471.76886468,833333.3333333359,0.0,113671138.43553135,0.0,0.0,0.0,0.0,0.0,0.0,0.0,Fund4
2025-07-31,8333333.333333333,0.0,116666666.66666664,200000000.0,84931.50684931508,0.0,113671138.43553135,906429.6205982871,0.0,122910901.38946296,0.0,0.0,0.0,0.0,0.0,0.0,0.0,Fund4
2025-08-31,8333333.333333333,0.0,124999999.99999997,200000000.0,84931.50684931508,0.0,122910901.38946296,980108.7879227204,0.0,132224343.51071902,0.0,0.0,0.0,0.0,0.0,0.0,0.0,Fund4
2025-09-30,8333333.333333333,0.0,133333333.3333333,200000000.0,82191.78082191781,0.0,132224343.51071902,1054375.4832740836,0.0,141612052.32732645,0.0,0.0,0.0,0.0,0.0,0.0,0.0,Fund4
2025-10-31,8333333.333333333,0.0,141666666.66666663,200000000.0,84931.50684931508,0.0,141612052.32732645,1129234.3916833692,0.0,151074620.05234316,0.0,0.0,0.0,0.0,0.0,0.0,0.0,Fund4
2025-11-30,8333333.333333333,0.0,149999999.99999997,200000000.0,82191.78082191781,0.0,151074620.05234316,1204690.235540665,0.0,160612643.62121716,0.0,0.0,0.0,0.0,0.0,0.0,0.0,Fund4
2025-12-31,8333333.333333333,0.0,158333333.3333333,200000000.0,84931.50684931508,0.0,160612643.62121716,1280747.77489306,0.0,170226724.72944355,0.0,0.0,0.0,0.0,0.0,0.0,0.0,Fund4
2026-01-31,8333333.333333333,0.0,166666666.66666666,200000000.0,84931.50684931508,0.0,170226724.72944355,1357411.807744928,0.0,179917469.8705218,0.0,0.0,0.0,0.0,0.0,0.0,0.0,Fund4
2026-02-28,8333333.333333333,0.0,175000000.0,200000000.0,76712.32876712328,0.0,179917469.8705218,1434687.170360603,0.0,189685490.37421575,0.0,0.0,0.0,0.0,0.0,0.0,0.0,Fund4
2026-03-31,8333333.333333333,0.0,183333333.33333334,200000000.0,84931.50684931508,0.0,189685490.37421575,1512578.7375694697,0.0,199531402.44511858,0.0,0.0,0.0,0.0,0.0,0.0,0.0,Fund4
2026-04-30,8333333.333333333,0.0,191666666.6666667,200000000.0,82191.78082191781,0.0,199531402.44511858,1591091.4230734874,0.0,209455827.20152542,0.0,0.0,0.0,0.0,0.0,0.0,0.0,Fund4
2026-05-31,8333333.333333333,0.0,200000000.00000003,200000000.0,84931.50684931508,0.0,209455827.20152542,1670230.1797571646,0.0,219459390.71461594,0.0,0.0,0.0,0.0,0.0,0.0,0.0,Fund4
2026-06-30,0.0,0.0,200000000.00000003,200000000.00000003,82191.78082191781,0.0,219459390.71461594,1750000.0000000063,0.0,221209390.71461594,0.0,0.0,0.0,0.0,0.0,0.0,0.0,Fund4
2026-07-31,0.0,0.0,200000000.00000003,200000000.00000003,84931.50684931508,0.0,221209390.71461594,1763954.745750588,0.0,222973345.46036652,0.0,0.0,0.0,0.0,0.0,0.0,0.0,Fund4
2026-08-31,0.0,0.0,200000000.00000003,200000000.00000003,84931.50684931508,0.0,222973345.46036652,1778020.7686034343,0.0,224751366.22896996,0.0,0.0,0.0,0.0,0.0,0.0,0.0,Fund4
2026-09-30,0.0,0.0,200000000.00000003,200000000.00000003,82191.78082191781,0.0,224751366.22896996,1792198.9558977855,0.0,226543565.18486774,0.0,0.0,0.0,0.0,0.0,0.0,0.0,Fund4
2026-10-31,0.0,0.0,200000000.00000003,200000000.00000003,84931.50684931508,0.0,226543565.18486774,1806490.202048649,0.0,228350055.3869164,0.0,0.0,0.0,0.0,0.0,0.0,0.0,Fund4
2026-11-30,0.0,0.0,200000000.00000003,200000000.00000003,82191.78082191781,0.0,228350055.3869164,1820895.408603224,0.0,230170950.79551962,0.0,0.0,0.0,0.0,0.0,0.0,0.0,Fund4
2026-12-31,0.0,0.0,200000000.00000003,200000000.00000003,84931.50684931508,0.0,230170950.79551962,1835415.484297772,0.0,232006366.2798174,0.0,0.0,0.0,0.0,0.0,0.0,0.0,Fund4
2027-01-31,0.0,0.0,200000000.00000003,200000000.00000003,84931.50684931508,0.0,232006366.2798174,1850051.345114947,0.0,233856417.62493235,0.0,0.0,0.0,0.0,0.0,0.0,0.0,Fund4
2027-02-28,0.0,0.0,200000000.00000003,200000000.00000003,76712.3287671233,0.0,233856417.62493235,1864803.914341576,0.0,235721221.53927392,0.0,0.0,0.0,0.0,0.0,0.0,0.0,Fund4
2027-03-31,0.0,0.0,200000000.00000003,200000000.00000003,84931.50684931508,0.0,235721221.53927392,1879674.1226269049,0.0,237600895.66190082,0.0,0.0,0.0,0.0,0.0,0.0,0.0,Fund4
2027-04-30,0.0,0.0,200000000.00000003,200000000.00000003,82191.78082191781,0.0,237600895.66190082,1894662.9080413084,0.0,239495558.56994212,0.0,0.0,0.0,0.0,0.0,0.0,0.0,Fund4
2027-05-31,0.0,0.0,200000000.00000003,200000000.00000003,84931.50684931508,0.0,239495558.56994212,1909771.2161354648,0.0,241405329.7860776,0.0,0.0,0.0,0.0,0.0,0.0,0.0,Fund4
2027-06-30,0.0,8333333.333333333,191666666.6666667,191666666.6666667,78767.12328767125,14399999.999999987,241405329.7860776,1925000.0000000075,14399999.999999987,228930329.7860776,0.0,0.0,0.0,0.0,0.0,0.0,0.0,Fund4
2027-07-31,0.0,8333333.333333333,183333333.33333334,183333333.33333334,77853.88127853881,14399999.999999987,228930329.7860776,1825522.598149433,14399999.999999987,216355852.384227,0.0,0.0,0.0,0.0,0.0,0.0,0.0,Fund4
2027-08-31,0.0,8333333.333333333,175000000.0,175000000.0,74315.06849315068,14399999.999999987,216355852.384227,1725251.9495269994,14399999.999999987,203681104.333754,0.0,0.0,0.0,0.0,0.0,0.0,0.0,Fund4
2027-09-30,0.0,8333333.333333333,166666666.66666666,166666666.66666666,68493.15068493149,14399999.999999987,203681104.333754,1624181.7286715535,14399999.999999987,190905286.06242555,0.0,0.0,0.0,0.0,0.0,0.0,0.0,Fund4
2027-10-31,0.0,8333333.333333333,158333333.3333333,158333333.3333333,67237.44292237442,14399999.999999987,190905286.06242555,1522305.5596818258,14399999.999999987,178027591.6221074,0.0,0.0,0.0,0.0,0.0,0.0,0.0,Fund4
2027-11-30,0.0,8333333.333333333,149999999.99999997,149999999.99999997,61643.835616438344,14399999.999999987,178027591.6221074,1419617.0158142156,14399999.999999987,165047208.6379216,0.0,0.0,0.0,0.0,0.0,0.0,0.0,Fund4
2027-12-31,0.0,8333333.333333333,141666666.66666663,141666666.66666663,60159.81735159816,14399999.999999987,165047208.6379216,1316109.6190773651,14399999.999999987,151963318.25699896,0.0,0.0,0.0,0.0,0.0,0.0,0.0,Fund4
2028-01-31,0.0,8333333.333333333,133333333.3333333,133333333.3333333,56466.302367941695,14399999.999999987,151963318.25699896,1211776.839823505,14399999.999999987,138775095.09682247,0.0,0.0,0.0,0.0,0.0,0.0,0.0,Fund4
2028-02-29,0.0,8333333.333333333,124999999.99999997,124999999.99999997,49521.85792349726,14399999.999999987,138775095.09682247,1106612.0963365366,14399999.999999987,125481707.19315903,0.0,0.0,0.0,0.0,0.0,0.0,0.0,Fund4
2028-03-31,0.0,8333333.333333333,116666666.66666664,116666666.66666664,49408.014571948996,14399999.999999987,125481707.19315903,1000608.7544168337,14399999.999999987,112082315.94757588,0.0,0.0,0.0,0.0,0.0,0.0,0.0,Fund4
2028-04-30,0.0,8333333.333333333,108333333.33333331,108333333.33333331,44398.907103825135,14399999.999999987,112082315.94757588,893760.12696273,14399999.999999987,98576076.07453863,0.0,0.0,0.0,0.0,0.0,0.0,0.0,Fund4
2028-05-31,0.0,8333333.333333333,99999999.99999999,99999999.99999999,42349.72677595628,14399999.999999987,98576076.07453863,786059.4735486716,14399999.999999987,84962135.54808731,0.0,0.0,0.0,0.0,0.0,0.0,0.0,Fund4
2028-06-30,0.0,8333333.333333333,91666666.66666666,91666666.66666666,37568.30601092896,14399999.999999987,84962135.54808731,677500.0000000048,14399999.999999987,71239635.54808733,0.0,0.0,0.0,0.0,0.0,0.0,0.0,Fund4
2028-07-31,0.0,8333333.333333333,83333333.33333333,83333333.33333333,35291.43897996357,14399999.999999987,71239635.54808733,568074.857964373,14399999.999999987,57407710.40605171,0.0,0.0,0.0,0.0,0.0,0.0,0.0,Fund4
2028-08-31,0.0,8333333.333333333,75000000.0,75000000.0,31762.29508196721,14399999.999999987,57407710.40605171,457777.1444796963,14399999.999999987,43465487.550531425,0.0,0.0,0.0,0.0,0.0,0.0,0.0,Fund4
2028-09-30,0.0,8333333.333333333,66666666.666666664,66666666.666666664,27322.4043715847,14399999.999999987,43465487.550531425,346599.90153870586,14399999.999999987,29412087.452070147,0.0,0.0,0.0,0.0,0.0,0.0,0.0,Fund4
2028-10-31,0.0,8333333.333333333,58333333.33333333,58333333.33333333,24704.007285974498,14399999.999999987,29412087.452070147,234536.11565000567,14399999.999999987,15246623.567720165,0.0,0.0,0.0,0.0,0.0,0.0,0.0,Fund4
2028-11-30,0.0,8333333.333333333,49999999.99999999,49999999.99999999,20491.803278688523,14399999.999999987,15246623.567720165,121578.71739563432,14399999.999999987,968202.285115812,0.0,0.0,0.0,0.0,0.0,0.0,0.0,Fund4
2028-12-31,0.0,8333333.333333333,41666666.66666666,41666666.66666666,17645.71948998178,14399999.999999987,968202.285115812,7720.580985099005,975922.8661009109,0.0,0.0,0.0,0.0,0.0,0.0,2684815.4267798155,10739261.707119262,Fund4
2029-01-31,0.0,8333333.333333333,33333333.333333325,33333333.333333325,14155.251141552508,14399999.999999987,0.0,0.0,0.0,0.0,0.0,0.0,0.0,0.0,0.0,2879999.9999999977,11519999.99999999,Fund4
2029-02-28,0.0,8333333.333333333,24999999.999999993,24999999.999999993,9589.041095890409,14399999.999999987,0.0,0.0,0.0,0.0,0.0,0.0,0.0,0.0,0.0,2879999.9999999977,11519999.99999999,Fund4
2029-03-31,0.0,8333333.333333333,16666666.66666666,16666666.66666666,7077.625570776252,14399999.999999987,0.0,0.0,0.0,0.0,0.0,0.0,0.0,0.0,0.0,2879999.9999999977,11519999.99999999,Fund4
2029-04-30,0.0,8333333.333333333,8333333.333333327,8333333.333333327,3424.6575342465726,14399999.999999987,0.0,0.0,0.0,0.0,0.0,0.0,0.0,0.0,0.0,2879999.9999999977,11519999.99999999,Fund4
2029-05-31,0.0,8333333.333333333,-5.587935447692871e-09,-5.587935447692871e-09,-2.3729588887462875e-12,14399999.999999987,0.0,0.0,0.0,0.0,0.0,0.0,0.0,0.0,0.0,2879999.9999999977,11519999.99999999,Fund4
